date,feast,colour,year,rcl,daily,showold,nextyear
21/11/2019,"Columban, Bishop, 615 [6] White",white,2018-2019,C,1,y,2019-2020
22/11/2019,"Cecilia, Martyr, c.230 [6] White",white,2018-2019,C,1,y,2019-2020
23/11/2019,"Clement of Rome, Bishop and Martyr, c.100 [6] Red",red,2018-2019,C,1,y,2019-2020
24/11/2019,The Last Sunday after Pentecost (Christ the King) [3] White or Red (The Sunday before Advent),white,2018-2019,C,1,y,2019-2020
25/11/2019,"Lucy Menzies, 1954 [6] White (translated from 24 November)",white,2018-2019,C,1,y,2019-2020
26/11/2019,Tuesday after the Last Sunday after Pentecost,green,2018-2019,C,1,y,2019-2020
27/11/2019,Wednesday after the Last Sunday after Pentecost,green,2018-2019,C,1,y,2019-2020
28/11/2019,Thursday after the Last Sunday after Pentecost,green,2018-2019,C,1,y,2019-2020
29/11/2019,Friday after the Last Sunday after Pentecost,green,2018-2019,C,1,y,2019-2020
30/11/2019,"Andrew, Apostle, Patron of Scotland [4] Red",red,2018-2019,C,1,y,2019-2020
1/12/2019,First Sunday of Advent [1] Violet,violet,2019-2020,A,2,,
2/12/2019,"Nicholas Ferrar, Deacon, 1637 [6] White",white,2019-2020,A,2,,
3/12/2019,"Francis Xavier, Priest and Missionary, 1552 [6] White",white,2019-2020,A,2,,
4/12/2019,"Clement of Alexandria, Teacher of the Faith, c.210 [6] White",white,2019-2020,A,2,,
5/12/2019,"Charles de Foucauld, Priest and Hermit, 1916 [6] White (translated from 1 December)",white,2019-2020,A,2,,
6/12/2019,"Nicholas of Myra, Bishop, 4th century [6] White",white,2019-2020,A,2,,
7/12/2019,"Ambrose of Milan, Bishop and Teacher of the Faith, c.210 [6] White",white,2019-2020,A,2,,
8/12/2019,Second Sunday of Advent [1] Violet,violet,2019-2020,A,2,,
9/12/2019,"The Conception of Mary, Mother of the Lord [5] White (translated from 8 December)",white,2019-2020,A,2,,
10/12/2019,Tuesday after Second Sunday of Advent,violet,2019-2020,A,2,,
11/12/2019,Wednesday after Second Sunday of Advent,violet,2019-2020,A,2,,
12/12/2019,Thursday after Second Sunday of Advent,violet,2019-2020,A,2,,
13/12/2019,Friday after Second Sunday of Advent,violet,2019-2020,A,2,,
14/12/2019,"John of the Cross, Priest, Teacher of the Faith, 1591 [6] White",white,2019-2020,A,2,,
15/12/2019,Third Sunday of Advent [1] Violet,violet,2019-2020,A,2,,
16/12/2019,Monday after Third Sunday of Advent,violet,2019-2020,A,2,,
17/12/2019,Tuesday after Third Sunday of Advent,violet,2019-2020,A,2,,
18/12/2019,Wednesday after Third Sunday of Advent (Ember Day),violet,2019-2020,A,2,,
19/12/2019,Thursday after Third Sunday of Advent,violet,2019-2020,A,2,,
20/12/2019,Friday after Third Sunday of Advent (Ember Day),violet,2019-2020,A,2,,
21/12/2019,"Thomas, Apostle [4] Red (if not kept on 3 July) (Ember Day)",red,2019-2020,A,2,,
22/12/2019,Fourth Sunday of Advent [1] Violet,violet,2019-2020,A,2,,
23/12/2019,Monday after Fourth Sunday of Advent,violet,2019-2020,A,2,,
24/12/2019,Christmas Eve [2],violet,2019-2020,A,2,,
25/12/2019,Christmas Day [1] White,white,2019-2020,A,2,,
26/12/2019,"Stephen, Deacon and Martyr [4] Red",red,2019-2020,A,2,,
27/12/2019,"John, Apostle and Evangelist [4] White",white,2019-2020,A,2,,
28/12/2019,The Holy Innocents [4] White,white,2019-2020,A,2,,
29/12/2019,First Sunday after Christmas [2] White,white,2019-2020,A,2,,
30/12/2019,"Josephine Butler, 1905 [6] White",white,2019-2020,A,2,,
31/12/2019,"John Wycliffe, Priest, 1384 [6] White",white,2019-2020,A,2,,
1/1/2020,The Naming of Jesus [2] White,white,2019-2020,A,2,,
2/1/2020,"Seraphim of Sarov, 1833 [6] White",white,2019-2020,A,2,,
3/1/2020,"Thomas of Canterbury, Bishop and Martyr, 1170 [6] Red (translated from 29 December)",red,2019-2020,A,2,,
4/1/2020,Saturday after the First Sunday after Christmas,white,2019-2020,A,2,,
5/1/2020,Second Sunday after Christmas [3] White,white,2019-2020,A,2,,
6/1/2020,The Epiphany [1] White,white,2019-2020,A,2,,
7/1/2020,Tuesday after the Epiphany,green,2019-2020,A,2,,
8/1/2020,Wednesday after the Epiphany,green,2019-2020,A,2,,
9/1/2020,Thursday after the Epiphany,green,2019-2020,A,2,,
10/1/2020,"William Laud, Bishop, 1645 [6] Red",red,2019-2020,A,2,,
11/1/2020,"David, King of Scots, 1153 [6] Red",red,2019-2020,A,2,,
12/1/2020,First Sunday after Epiphany: The Baptism of the Lord [2] White,white,2019-2020,A,2,,
13/1/2020,"Kentigern (or Mungo), Bishop c.603 [4] White",white,2019-2020,A,2,,
14/1/2020,"Hilary of Poitiers, Bishop and Teacher of the Faith, c.367 [6] White",white,2019-2020,A,2,,
15/1/2020,Wednesday after First Sunday after Epiphany,green,2019-2020,A,2,,
16/1/2020,Thursday after First Sunday after Epiphany,green,2019-2020,A,2,,
17/1/2020,"Antony of Egypt, Abbot, 356 [6] White",white,2019-2020,A,2,,
18/1/2020,The Confession of Peter [6] White,white,2019-2020,A,2,,
19/1/2020,Second Sunday after Epiphany [3] Green,green,2019-2020,A,2,,
20/1/2020,Monday after Second Sunday after Epiphany,green,2019-2020,A,2,,
21/1/2020,"Agnes, Martyr, c.304 [6] Red",red,2019-2020,A,2,,
22/1/2020,Wednesday after Second Sunday after Epiphany,green,2019-2020,A,2,,
23/1/2020,Thursday after Second Sunday after Epiphany,green,2019-2020,A,2,,
24/1/2020,"Francis de Sales, Bishop, 1622 [6] White",white,2019-2020,A,2,,
25/1/2020,"The Conversion of Paul, Apostle [4] White",white,2019-2020,A,2,,
26/1/2020,Third Sunday after Epiphany [3] Green,green,2019-2020,A,2,,
27/1/2020,"John Chrysostom, Bishop and Teacher of the Faith, 407 [6] White",white,2019-2020,A,2,,
28/1/2020,"Thomas Aquinas, Teacher of the Faith, 1274 [6] White",white,2019-2020,A,2,,
29/1/2020,"Timothy and Titus, Bishops [6] White (translated from 26 January)",white,2019-2020,A,2,,
30/1/2020,"Charles I, King, 1649 [6] Red",red,2019-2020,A,2,,
31/1/2020,"Charles Mackenzie of Central Africa, Bishop, Missionary, Martyr, 1862 [6] Red",red,2019-2020,A,2,,
1/2/2020,"Bride of Kildare, Abbess, c.525 [6] White",white,2019-2020,A,2,,
2/2/2020,The Presentation of the Lord [2] White,white,2019-2020,A,2,,
3/2/2020,Saints and Martyrs of Europe [6] Red,red,2019-2020,A,2,,
4/2/2020,"Tuesday after Fourth Sunday after Epiphany (Ordination of the Rt Revd Kevin Pearson as Bishop of Argyll and the Isles, 2011)",green,2019-2020,A,2,,
5/2/2020,Wednesday after Fourth Sunday after Epiphany,green,2019-2020,A,2,,
6/2/2020,"Paul Miki, Priest, and the Martyrs of Japan, 1597 [6] Red",red,2019-2020,A,2,,
7/2/2020,Friday after Fourth Sunday after Epiphany,green,2019-2020,A,2,,
8/2/2020,Saturday after Fourth Sunday after Epiphany,green,2019-2020,A,2,,
9/2/2020,Fifth Sunday after Epiphany [3] Green,green,2019-2020,A,2,,
10/2/2020,"Scholastica, Religious, 543 [6] White",white,2019-2020,A,2,,
11/2/2020,Tuesday after Fifth Sunday after Epiphany,green,2019-2020,A,2,,
12/2/2020,Wednesday after Fifth Sunday after Epiphany,green,2019-2020,A,2,,
13/2/2020,Thursday after Fifth Sunday after Epiphany,green,2019-2020,A,2,,
14/2/2020,"Cyril, Monk, 869, and Methodius, Bishop, 885, 'Apostles of the Slavs' [6] White",white,2019-2020,A,2,,
15/2/2020,"Thomas Bray, Priest and Missionary, 1730 [6] White",white,2019-2020,A,2,,
16/2/2020,Sixth Sunday after Epiphany [3] Green,green,2019-2020,A,2,,
17/2/2020,"Finan of Lindisfarne, Bishop, 661 [6] White",white,2019-2020,A,2,,
18/2/2020,"Colman of Lindisfarne, Bishop, 767 [6] White",white,2019-2020,A,2,,
19/2/2020,"Martin Luther, 1545 [6] White",white,2019-2020,A,2,,
20/2/2020,Thursday after Sixth Sunday after Epiphany,green,2019-2020,A,2,,
21/2/2020,Friday after Sixth Sunday after Epiphany,green,2019-2020,A,2,,
22/2/2020,Saturday after Sixth Sunday after Epiphany,green,2019-2020,A,2,,
23/2/2020,Sunday before Lent (Transfiguration) [3] Green (SPB Quinquagesima â€“ Violet),violet,2019-2020,A,2,,
24/2/2020,"Polycarp of Smyrna, Bishop and Martyr, 156 [6] Red (translated from 23 February)",red,2019-2020,A,2,,
25/2/2020,Tuesday after Sunday before Lent,green,2019-2020,A,2,,
26/2/2020,Ash Wednesday [1] Violet or Lenten Array,violet,2019-2020,A,2,,
27/2/2020,Thursday after Ash Wednesday,violet,2019-2020,A,2,,
28/2/2020,Friday after Ash Wednesday,violet,2019-2020,A,2,,
29/2/2020,Saturday after Ash Wednesday,violet,2019-2020,A,2,,
1/3/2020,"First Sunday of Lent [1] Violet or Lenten Array (Ordination of the Rt Revd Anne Dyer, Bishop of Aberdeen and Orkney, 2018)",violet,2019-2020,A,2,,
2/3/2020,"Chad of Lichfield, Bishop, 672 [6] White",white,2019-2020,A,2,,
3/3/2020,"John and Charles Wesley, Priests, 1791 and 1788 [6] White",white,2019-2020,A,2,,
4/3/2020,"Adrian of May Island, Abbot, and Companions, Martyrs, 875 [6] Red (Ember Day)",red,2019-2020,A,2,,
5/3/2020,"David, Bishop, Patron of Wales, c.544 [6] White (translated from 1 March)",white,2019-2020,A,2,,
6/3/2020,"Baldred, Bishop, 608 [6] White (Ember Day)",red,2019-2020,A,2,,
7/3/2020,"Perpetua and her Companions, Martyrs, 203 [6] Red (Ember Day)",red,2019-2020,A,2,,
8/3/2020,Second Sunday of Lent [1] Violet or Lenten Array,violet,2019-2020,A,2,,
9/3/2020,"Duthac, Bishop, 1068 [6] White (translated from 8 March)",white,2019-2020,A,2,,
10/3/2020,"Kessog, Bishop, c.700 [6] Red",red,2019-2020,A,2,,
11/3/2020,Wednesday after Second Sunday of Lent,violet,2019-2020,A,2,,
12/3/2020,Thursday after Second Sunday of Lent,violet,2019-2020,A,2,,
13/3/2020,Friday after Second Sunday of Lent,violet,2019-2020,A,2,,
14/3/2020,Saturday after Second Sunday of Lent,violet,2019-2020,A,2,,
15/3/2020,Third Sunday of Lent [1] Violet or Lenten Array,violet,2019-2020,A,2,,
16/3/2020,"Boniface of Ross, Bishop, 8th century [6] White",white,2019-2020,A,2,,
17/3/2020,"Patrick, Bishop, Patron of Ireland, c.461 [4] White",white,2019-2020,A,2,,
18/3/2020,"Cyril of Jerusalem, Bishop and Teacher of the Faith, 386 [6] White",white,2019-2020,A,2,,
19/3/2020,Joseph of Nazareth [4] White,white,2019-2020,A,2,,
20/3/2020,"Cuthbert, Bishop, 687 [6] White",white,2019-2020,A,2,,
21/3/2020,"Thomas Cranmer, Bishop, 1556 [6] Red",red,2019-2020,A,2,,
22/3/2020,Fourth Sunday of Lent (Mothering Sunday) [1] Violet or Lenten Array,violet,2019-2020,A,2,,
23/3/2020,"Thomas Ken, Bishop, 1711 [6] White (translated from 22 March)",white,2019-2020,A,2,,
24/3/2020,"Paul Couturier, Priest, 1953 [6] White",white,2019-2020,A,2,,
25/3/2020,The Annunciation of the Lord [2] White,white,2019-2020,A,2,,
26/3/2020,Thursday after Fourth Sunday of Lent,violet,2019-2020,A,2,,
27/3/2020,Friday after Fourth Sunday of Lent,violet,2019-2020,A,2,,
28/3/2020,"Patrick Forbes, Bishop, 1636, and the Aberdeen Doctors, Teachers of the Faith [6] White",white,2019-2020,A,2,,
29/3/2020,Fifth Sunday of Lent (Passion Sunday: The beginning of Passiontide) [1] Violet or Lenten Array,violet,2019-2020,A,2,,
30/3/2020,"John Keble, Priest, 1866 [6] White (translated from 29 March)",white,2019-2020,A,2,,
31/3/2020,Tuesday after Fifth Sunday of Lent,violet,2019-2020,A,2,,
1/4/2020,"Gilbert of Caithness, Bishop, 1245 [6] White",white,2019-2020,A,2,,
2/4/2020,Thursday after Fifth Sunday of Lent,violet,2019-2020,A,2,,
3/4/2020,Friday after Fifth Sunday of Lent,violet,2019-2020,A,2,,
4/4/2020,Saturday after Fifth Sunday of Lent,violet,2019-2020,A,2,,
5/4/2020,The Sunday of the Passion (Palm Sunday: The beginning of Holy Week) [1] Red or Violet,violet,2019-2020,A,2,,
6/4/2020,Monday of Holy Week [1] Red or Violet,violet,2019-2020,A,2,,
7/4/2020,Tuesday of Holy Week [1] Red or Violet,violet,2019-2020,A,2,,
8/4/2020,Wednesday of Holy Week [1] Red or Violet,violet,2019-2020,A,2,,
9/4/2020,Maundy Thursday [1] White at the Eucharist,white,2019-2020,A,2,,
10/4/2020,Good Friday [1] Red for the Liturgy; Hangings removed,red,2019-2020,A,2,,
11/4/2020,Holy Saturday (Easter Eve) [1] Hangings removed; White at the Easter Vigil,white,2019-2020,A,2,,
12/4/2020,Easter Day [1] White,white,2019-2020,A,2,,
13/4/2020,Monday of Easter week (White),white,2019-2020,A,2,,
14/4/2020,Tuesday of Easter week (White),white,2019-2020,A,2,,
15/4/2020,Wednesday of Easter week (White),white,2019-2020,A,2,,
16/4/2020,Thursday of Easter week (White),white,2019-2020,A,2,,
17/4/2020,Friday of Easter week (White),white,2019-2020,A,2,,
18/4/2020,Saturday of Easter week (White),white,2019-2020,A,2,,
19/4/2020,Second Sunday of Easter [1] White; SPB First Sunday after Easter,white,2019-2020,A,2,,
20/4/2020,"Maelrubha of Applecross, Abbot, 722 [6] White",white,2019-2020,A,2,,
21/4/2020,"Anselm of Canterbury, Bishop and Teacher of the Faith, 1109 [6] White",white,2019-2020,A,2,,
22/4/2020,Wednesday after Second Sunday of Easter,white,2019-2020,A,2,,
23/4/2020,"George, Patron of England, Martyr, c.303 [6] Red",red,2019-2020,A,2,,
24/4/2020,Friday after Second Sunday of Easter,white,2019-2020,A,2,,
25/4/2020,"Mark, Evangelist [4] Red",red,2019-2020,A,2,,
26/4/2020,Third Sunday of Easter [1] White; SPB Second Sunday after Easter,white,2019-2020,A,2,,
27/4/2020,"Albert Ernest Laurie, Priest, 1937 [6] White (translated from 26 April)",white,2019-2020,A,2,,
28/4/2020,Tuesday after Third Sunday of Easter,white,2019-2020,A,2,,
29/4/2020,"Catherine of Siena, Mystic and Teacher of the Faith, 1380 [6] White",white,2019-2020,A,2,,
30/4/2020,Thursday after Third Sunday of Easter,white,2019-2020,A,2,,
1/5/2020,"Philip and James, Apostles [4] Red",red,2019-2020,A,2,,
2/5/2020,"Athanasius, Bishop and Teacher of the Faith, 373 [6] White",white,2019-2020,A,2,,
3/5/2020,Fourth Sunday of Easter [1] White; SPB Third Sunday after Easter (Vocations Sunday),white,2019-2020,A,2,,
4/5/2020,Monday after Fourth Sunday of Easter,white,2019-2020,A,2,,
5/5/2020,Tuesday after Fourth Sunday of Easter,white,2019-2020,A,2,,
6/5/2020,Wednesday after Fourth Sunday of Easter,white,2019-2020,A,2,,
7/5/2020,Thursday after Fourth Sunday of Easter,white,2019-2020,A,2,,
8/5/2020,"Julian of Norwich, c.1413 [6] White",white,2019-2020,A,2,,
9/5/2020,Saturday after Fourth Sunday of Easter,white,2019-2020,A,2,,
10/5/2020,Fifth Sunday of Easter [1] White; SPB Fourth Sunday after Easter,white,2019-2020,A,2,,
11/5/2020,Monday after Fifth Sunday of Easter,white,2019-2020,A,2,,
12/5/2020,"Thomas Rattray, Bishop, 1743 [6] White (Ordination of the Rt Revd Dr John Armes, Bishop of Edinburgh, 2012)",white,2019-2020,A,2,,
13/5/2020,Wednesday after Fifth Sunday of Easter,white,2019-2020,A,2,,
14/5/2020,"Matthias, Apostle [4] Red",red,2019-2020,A,2,,
15/5/2020,Friday after Fifth Sunday of Easter,white,2019-2020,A,2,,
16/5/2020,Saturday after Fifth Sunday of Easter,white,2019-2020,A,2,,
17/5/2020,Sixth Sunday of Easter [1] White; SPB Fifth Sunday after Easter,white,2019-2020,A,2,,
18/5/2020,Monday after Sixth Sunday of Easter (Rogation Day),white,2019-2020,A,2,,
19/5/2020,Tuesday after Sixth Sunday of Easter (Rogation Day),white,2019-2020,A,2,,
20/5/2020,Wednesday after Sixth Sunday of Easter (Rogation Day),white,2019-2020,A,2,,
21/5/2020,Ascension Day [1] White,white,2019-2020,A,2,,
22/5/2020,"Helena, c.330 [6] White (translated from 21 May)",white,2019-2020,A,2,,
23/5/2020,"William of Perth (or Rochester), 1201 [6] White",white,2019-2020,A,2,,
24/5/2020,Seventh Sunday of Easter [1] White; SPB Sunday after Ascension Day,white,2019-2020,A,2,,
25/5/2020,"Bede the Venerable, of Jarrow, Teacher of the Faith, 735 [6] White",white,2019-2020,A,2,,
26/5/2020,"Augustine of Canterbury, Bishop, c.604 [6] White",white,2019-2020,A,2,,
27/5/2020,Wednesday after Seventh Sunday of Easter,white,2019-2020,A,2,,
28/5/2020,Thursday after Seventh Sunday of Easter,white,2019-2020,A,2,,
29/5/2020,Friday after Seventh Sunday of Easter,white,2019-2020,A,2,,
30/5/2020,Saturday after Seventh Sunday of Easter,white,2019-2020,A,2,,
31/5/2020,The Day of Pentecost (Whitsunday) [1] Red,red,2019-2020,A,2,,
1/6/2020,The Visit of Mary to Elizabeth [5] White (translated from 31 May),white,2019-2020,A,2,,
2/6/2020,"Justin of Rome, Martyr, c.165 [6] Red (translated from 1 June)",red,2019-2020,A,2,,
3/6/2020,"Charles Lwanga and his companions, 1886; Janani Luwum, Bishop, 1977, Martyrs of Uganda [6] Red (Ember Day)",red,2019-2020,A,2,,
4/6/2020,"John XXIII, Bishop of Rome, Reformer, 1963 [6] White",white,2019-2020,A,2,,
5/6/2020,"Boniface of Mainz, Bishop, Missionary and Martyr, 754 [6] Red (Ember Day)",red,2019-2020,A,2,,
6/6/2020,Saturday after the Day of Pentecost (Whitsunday) / Eve of Trinity Sunday (Ember Day),green,2019-2020,A,2,,
7/6/2020,Trinity Sunday (Pentecost 1) [2] White,white,2019-2020,A,2,,
8/6/2020,"Ephrem the Syrian, Deacon and Teacher of the Faith, 373 [6] White",white,2019-2020,A,2,,
9/6/2020,"Columba of Iona, Abbot, 597 [4] White",white,2019-2020,A,2,,
10/6/2020,Wednesday after Trinity Sunday,green,2019-2020,A,2,,
11/6/2020,Corpus Christi (Thanksgiving for Holy Communion) [5] White,white,2019-2020,A,2,,
12/6/2020,"Barnabus, Apostle [4] Red (translated from 11 June)",red,2019-2020,A,2,,
13/6/2020,"John Skinner, Priest, 1807, and John Skinner, Bishop, 1816 [6] White (translated from 12 June)",white,2019-2020,A,2,,
14/6/2020,Pentecost 2 [3] Green; SPB Trinity 1,green,2019-2020,A,2,,
15/6/2020,"Basil of Caesarea, 379; Gregory of Nazianzus, c.390; Gregory of Nyssa, 394, Bishops and Teachers of the Faith [6] White (translate from 14 June)",white,2019-2020,A,2,,
16/6/2020,Tuesday after Pentecost 2,green,2019-2020,A,2,,
17/6/2020,Wednesday after Pentecost 2,green,2019-2020,A,2,,
18/6/2020,"Bernard Mizeki, Martyr, 1896 [6] Red",red,2019-2020,A,2,,
19/6/2020,Friday after Pentecost 2,green,2019-2020,A,2,,
20/6/2020,"Fillan, Abbot, c.750 [6] Red",red,2019-2020,A,2,,
21/6/2020,Pentecost 3 [3] Green; SPB Trinity 2,green,2019-2020,A,2,,
22/6/2020,"Alban, Martyr [6] Red",red,2019-2020,A,2,,
23/6/2020,Tuesday after Pentecost 3,green,2019-2020,A,2,,
24/6/2020,The Birth of John the Baptist [4] White,white,2019-2020,A,2,,
25/6/2020,"Moluag of Lismore, Bishop, c.592 [6] White",white,2019-2020,A,2,,
26/6/2020,"Robert Leighton, Bishop, 1684 [6] White",white,2019-2020,A,2,,
27/6/2020,"Alexander Jolly, Bishop, 1838 [6] White",white,2019-2020,A,2,,
28/6/2020,Pentecost 4 [3] Green; SPB Trinity 3,green,2019-2020,A,2,,
29/6/2020,"Peter, Apostle or Peter and Paul, Apostles [4] Red",red,2019-2020,A,2,,
30/6/2020,"Irenaeus of Lyons, Bishop and Teacher of the Faith, 202 [6] White (translated from 28 June)",white,2019-2020,A,2,,
1/7/2020,"Serf, Bishop, c.550 [6] White",white,2019-2020,A,2,,
2/7/2020,Thursday after Pentecost 4,green,2019-2020,A,2,,
3/7/2020,"Thomas, Apostle [4] Red (if not kept on 21 December)",red,2019-2020,A,2,,
4/7/2020,Saturday after Pentecost 4,green,2019-2020,A,2,,
5/7/2020,Pentecost 5 [3] Green; SPB Trinity 4,green,2019-2020,A,2,,
6/7/2020,"Palladius, Bishop, c.450 [6] White",white,2019-2020,A,2,,
7/7/2020,"Boisil, Prior of Melrose, c.642 [6] White",white,2019-2020,A,2,,
8/7/2020,Wednesday after Pentecost 5,green,2019-2020,A,2,,
9/7/2020,Thursday after Pentecost 5,green,2019-2020,A,2,,
10/7/2020,Friday after Pentecost 5,green,2019-2020,A,2,,
11/7/2020,"Benedict of Nursia, Abbot, c.550 [6] White",white,2019-2020,A,2,,
12/7/2020,Pentecost 6 [3] Green; SPB Trinity 5,green,2019-2020,A,2,,
13/7/2020,"Drostan of Deer, Abbot, c.600 [6] White (translated from 12 July)",white,2019-2020,A,2,,
14/7/2020,Tuesday after Pentecost 6,green,2019-2020,A,2,,
15/7/2020,Wednesday after Pentecost 6,green,2019-2020,A,2,,
16/7/2020,Thursday after Pentecost 6,green,2019-2020,A,2,,
17/7/2020,Friday after Pentecost 6,green,2019-2020,A,2,,
18/7/2020,Saturday after Pentecost 6,green,2019-2020,A,2,,
19/7/2020,Pentecost 7 [3] Green; SPB Trinity 6,green,2019-2020,A,2,,
20/7/2020,Monday after Pentecost 7,green,2019-2020,A,2,,
21/7/2020,"William Wilberforce, 1833 [6] White",white,2019-2020,A,2,,
22/7/2020,Mary Magdalene [4] White,white,2019-2020,A,2,,
23/7/2020,Thursday after Pentecost 7,green,2019-2020,A,2,,
24/7/2020,Friday after Pentecost 7,green,2019-2020,A,2,,
25/7/2020,"James, Apostle [4] Red",red,2019-2020,A,2,,
26/7/2020,Pentecost 8 [3] Green; SPB Trinity 7,green,2019-2020,A,2,,
27/7/2020,"Anne and Joachim, Parents of Mary, Mother of the Lord [6] White (translated from 26 July)",white,2019-2020,A,2,,
28/7/2020,Tuesday after Pentecost 8,green,2019-2020,A,2,,
29/7/2020,Martha and Mary of Bethany [6] White,white,2019-2020,A,2,,
30/7/2020,"Silas, Companion of Saint Paul [6] White",white,2019-2020,A,2,,
31/7/2020,"Ignatius Loyola, Priest and Religious, 1556 [6] White",white,2019-2020,A,2,,
1/8/2020,Saturday after Pentecost 8,green,2019-2020,A,2,,
2/8/2020,Pentecost 9 [3] Green; SPB Trinity 8,green,2019-2020,A,2,,
3/8/2020,Monday after Pentecost 9,green,2019-2020,A,2,,
4/8/2020,Tuesday after Pentecost 9,green,2019-2020,A,2,,
5/8/2020,"Oswald of Northumbria, Martyr, 642 [6] Red",red,2019-2020,A,2,,
6/8/2020,The Transfiguration of the Lord [2] White,white,2019-2020,A,2,,
7/8/2020,Friday after Pentecost 9,green,2019-2020,A,2,,
8/8/2020,"Dominic, Priest and Friar, 1221 [6] White",white,2019-2020,A,2,,
9/8/2020,Pentecost 10 [3] Green; SPB Trinity 9,green,2019-2020,A,2,,
10/8/2020,"Lawrence, Deacon and Martyr, 258 [6] Red",red,2019-2020,A,2,,
11/8/2020,"Clare of Assisi, Religious, 1253 [6] White",white,2019-2020,A,2,,
12/8/2020,"Blane, Missionary, c.590 [6] White",white,2019-2020,A,2,,
13/8/2020,"Jeremy Taylor, Bishop, 1667 [6] White",white,2019-2020,A,2,,
14/8/2020,"Maximilian Kolbe, Priest and Martyr, 1941 [6] Red",red,2019-2020,A,2,,
15/8/2020,Mary the Virgin [4] White,white,2019-2020,A,2,,
16/8/2020,Pentecost 11 [3] Green; SPB Trinity 10,green,2019-2020,A,2,,
17/8/2020,Monday after Pentecost 11,green,2019-2020,A,2,,
18/8/2020,Tuesday after Pentecost 11,green,2019-2020,A,2,,
19/8/2020,Wednesday after Pentecost 11,green,2019-2020,A,2,,
20/8/2020,"Bernard of Clairvaux, Abbot and Teacher of the Faith, 1153 [6] White",white,2019-2020,A,2,,
21/8/2020,Friday after Pentecost 11,green,2019-2020,A,2,,
22/8/2020,Saturday after Pentecost 11,green,2019-2020,A,2,,
23/8/2020,Pentecost 12 [3] Green; SPB Trinity 11,green,2019-2020,A,2,,
24/8/2020,"Bartholomew, Apostle [4] Red",red,2019-2020,A,2,,
25/8/2020,"Ebba of Coldingham, Abbess, 683 [6] White (Ordination of the Rt Revd Andrew Swift, Bishop of Brechin, 2018)",white,2019-2020,A,2,,
26/8/2020,Wednesday after Pentecost 12,green,2019-2020,A,2,,
27/8/2020,"Monnica, Mother of Augustine of Hippo, 387 [6] White",white,2019-2020,A,2,,
28/8/2020,"Augustine of Hippo, Bishop and Teacher of the Faith, 430 [6] White",white,2019-2020,A,2,,
29/8/2020,The Beheading of John the Baptist [4] Red,red,2019-2020,A,2,,
30/8/2020,Pentecost 13 [3] Green; SPB Trinity 12,green,2019-2020,A,2,,
31/8/2020,"Aidan of Lindisfarne, Bishop, 651 [6] White",white,2019-2020,A,2,,
1/9/2020,Tuesday after Pentecost 13,green,2019-2020,A,2,,
2/9/2020,"The Martyrs of New Guinea, 1942 [6] Red",red,2019-2020,A,2,,
3/9/2020,"Gregory the Great, Bishop and Teacher of the Faith [6] White",white,2019-2020,A,2,,
4/9/2020,Friday after Pentecost 13,green,2019-2020,A,2,,
5/9/2020,Saturday after Pentecost 13,green,2019-2020,A,2,,
6/9/2020,Pentecost 14 [3] Green; SPB Trinity 13,green,2019-2020,A,2,,
7/9/2020,Monday after Pentecost 14,green,2019-2020,A,2,,
8/9/2020,"The Birth of Mary, Mother of the Lord [5] White",white,2019-2020,A,2,,
9/9/2020,Wednesday after Pentecost 14,green,2019-2020,A,2,,
10/9/2020,Thursday after Pentecost 14,green,2019-2020,A,2,,
11/9/2020,Friday after Pentecost 14,green,2019-2020,A,2,,
12/9/2020,Saturday after Pentecost 14,green,2019-2020,A,2,,
13/9/2020,Pentecost 15 [3] Green; SPB Trinity 14,green,2019-2020,A,2,,
14/9/2020,Holy Cross Day [5] White or Red,red,2019-2020,A,2,,
15/9/2020,"Cyprian of Carthage, Bishop and Martyr, 258 [6] Red (translated from 13 September)",red,2019-2020,A,2,,
16/9/2020,"Ninian of Whithorn, Bishop, c.430 [4] White (Ember Day)",white,2019-2020,A,2,,
17/9/2020,"Hildegard of Bingen, Abbess, 1179 [6] White",white,2019-2020,A,2,,
18/9/2020,Friday after Pentecost 15 (Ember Day),green,2019-2020,A,2,,
19/9/2020,Saturday after Pentecost 15 (Ember Day),green,2019-2020,A,2,,
20/9/2020,Pentecost 16 [3] Green; SPB Trinity 15,green,2019-2020,A,2,,
21/9/2020,"Matthew, Apostle and Evangelist [4] Red",red,2019-2020,A,2,,
22/9/2020,"John Coleridge Patteson, Bishop and Martyr, 1871 [6] Red (translated from 20 September)",red,2019-2020,A,2,,
23/9/2020,"Adamnan of Iona, Abbot, 704 [6] White",white,2019-2020,A,2,,
24/9/2020,Thursday after Pentecost 16,green,2019-2020,A,2,,
25/9/2020,"Finnbar of Caithness, Bishop, c.610 [6] White",white,2019-2020,A,2,,
26/9/2020,Saturday after Pentecost 16,green,2019-2020,A,2,,
27/9/2020,Pentecost 17 [3] Green; SPB Trinity 16,green,2019-2020,A,2,,
28/9/2020,"Vincent de Paul, Priest, 1660 [6] White (translated from 27 September)",white,2019-2020,A,2,,
29/9/2020,Michael and All Angels [4] White,white,2019-2020,A,2,,
30/9/2020,"Jerome, Priest and Teacher of the Faith, 420 [6] White",white,2019-2020,A,2,,
1/10/2020,"Gregory the Enlightener, Bishop, c.332 [6] White",white,2019-2020,A,2,,
2/10/2020,Friday after Pentecost 17,green,2019-2020,A,2,,
3/10/2020,Saturday after Pentecost 17,green,2019-2020,A,2,,
4/10/2020,Pentecost 18 [3] Green; SPB Trinity 17,green,2019-2020,A,2,,
5/10/2020,"Francis of Assisi, Deacon and Friar, 1226 [6] White (translated from 4 October)",white,2019-2020,A,2,,
6/10/2020,Tuesday after Pentecost 18,green,2019-2020,A,2,,
7/10/2020,Wednesday after Pentecost 18,green,2019-2020,A,2,,
8/10/2020,"Alexander Penrose Forbes, Bishop, 1875 [6] White",white,2019-2020,A,2,,
9/10/2020,Friday after Pentecost 18,green,2019-2020,A,2,,
10/10/2020,Saturday after Pentecost 18,green,2019-2020,A,2,,
11/10/2020,Pentecost 19 [3] Green; SPB Trinity 18,green,2019-2020,A,2,,
12/10/2020,"Elizabeth Fry, 1845 [6] White",white,2019-2020,A,2,,
13/10/2020,"Kenneth, Abbot, 600 [6] White (translated from 11 October) (Ordination of the Rt Revd Mark Strange, Primus and Bishop of Moray, Ross and Caithness, 2007)",white,2019-2020,A,2,,
14/10/2020,Wednesday after Pentecost 19,green,2019-2020,A,2,,
15/10/2020,"Teresa of Avila, Teacher of the Faith, 1582 [6] White",white,2019-2020,A,2,,
16/10/2020,Friday after Pentecost 19,green,2019-2020,A,2,,
17/10/2020,"Ignatius of Antioch, Bishop and Martyr, c.115 [6] Red",red,2019-2020,A,2,,
18/10/2020,Pentecost 20 [3] Green; SPB Trinity 19,green,2019-2020,A,2,,
19/10/2020,"Luke, Evangelist [4] Red (translated from 18 October)",red,2019-2020,A,2,,
20/10/2020,"Henry Martyn, Priest and Missionary, 1812 [6] White (translated from 19 October) (Ordination of the Rt Revd Ian Paton, Bishop of St Andrews, Dunkeld and Dunblane, 2018)",white,2019-2020,A,2,,
21/10/2020,Wednesday after Pentecost 20,green,2019-2020,A,2,,
22/10/2020,Thursday after Pentecost 20,green,2019-2020,A,2,,
23/10/2020,"James of Jerusalem, Martyr, c.62 [4] Red",red,2019-2020,A,2,,
24/10/2020,Saturday after Pentecost 20,green,2019-2020,A,2,,
25/10/2020,Pentecost 21 [3] Green; SPB Trinity 20,green,2019-2020,A,2,,
26/10/2020,Monday after Pentecost 21,green,2019-2020,A,2,,
27/10/2020,Tuesday after Pentecost 21,green,2019-2020,A,2,,
28/10/2020,"Simon and Jude, Apostles [4] Red",red,2019-2020,A,2,,
29/10/2020,"James Hannington, Bishop and Companions, Martyrs, 1885 [6] Red",red,2019-2020,A,2,,
30/10/2020,Friday after Pentecost 21,green,2019-2020,A,2,,
31/10/2020,Saturday after Pentecost 21,green,2019-2020,A,2,,
1/11/2020,All Saints [2] White,white,2019-2020,A,2,,
2/11/2020,All Souls [5] Violet or White,violet,2019-2020,A,2,,
3/11/2020,"Richard Hooker, Priest and Teacher of the Faith, 1660 [6] White",white,2019-2020,A,2,,
4/11/2020,Wednesday after Pentecost 22,green,2019-2020,A,2,,
5/11/2020,Thursday after Pentecost 22,green,2019-2020,A,2,,
6/11/2020,Friday after Pentecost 22,green,2019-2020,A,2,,
7/11/2020,"Willibrord, Bishop and Missionary, 739 [6] White",white,2019-2020,A,2,,
8/11/2020,Pentecost 23 [3] Green; SPB Trinity 22 (Remembrance Sunday),green,2019-2020,A,2,,
9/11/2020,"George Hay Forbes, Priest, 1875 [6] White",white,2019-2020,A,2,,
10/11/2020,"Leo the Great, Bishop and Teacher of the Faith, 461 [6] White",white,2019-2020,A,2,,
11/11/2020,"Martin of Tours, Bishop, c.397 [6] White",white,2019-2020,A,2,,
12/11/2020,"Machar, Bishop, c.600 [6] White",white,2019-2020,A,2,,
13/11/2020,Friday after Pentecost 23,green,2019-2020,A,2,,
14/11/2020,"Saturday after Pentecost 23 (Ordination of Samuel Seabury, Bishop, 1784)",green,2019-2020,A,2,,
15/11/2020,Pentecost 24 [3] Green; SPB Trinity 23,green,2019-2020,A,2,,
16/11/2020,"Margaret of Scotland, 1093 [4] White",white,2019-2020,A,2,,
17/11/2020,"Hilda of Whitby, 680 and Hugh of Lincoln, Bishop, 1200 [6] White",white,2019-2020,A,2,,
18/11/2020,"Fergus, Bishop, c.750 [6] White",white,2019-2020,A,2,,
19/11/2020,Thursday after Pentecost 24,green,2019-2020,A,2,,
20/11/2020,Friday after Pentecost 24,green,2019-2020,A,2,,
21/11/2020,"Columban, Bishop, 615 [6] White",white,2019-2020,A,2,,
22/11/2020,The Last Sunday after Pentecost (Christ the King) [3] White or Red (The Sunday before Advent),red,2019-2020,A,2,,
23/11/2020,"Clement of Rome, Bishop and Martyr, c.100 [6] Red",red,2019-2020,A,2,,
24/11/2020,"Lucy Menzies, 1954 [6] White",white,2019-2020,A,2,,
25/11/2020,"Cecilia, Martyr, c.230 [6] White (translated from 22 November)",white,2019-2020,A,2,,
26/11/2020,Thursday after the Last Sunday after Pentecost,green,2019-2020,A,2,,
27/11/2020,Friday after the Last Sunday after Pentecost,green,2019-2020,A,2,,
28/11/2020,Saturday after the Last Sunday after Pentecost,green,2019-2020,A,2,,